Date (CET),Bid Price
2024-01-02 0:00:00,20.9
2024-01-02 4:00:00,20.6
2024-01-02 8:00:00,10.2
2024-01-02 12:00:00,13.2
2024-01-02 16:00:00,3.9
2024-01-02 20:00:00,10.0
2024-01-03 0:00:00,27.6
2024-01-03 4:00:00,21.2
2024-01-03 8:00:00,10.0
2024-01-03 12:00:00,11.5
2024-01-03 16:00:00,3.7
2024-01-03 20:00:00,9.3
2024-01-04 0:00:00,25.3
2024-01-04 4:00:00,19.6
2024-01-04 8:00:00,9.2
2024-01-04 12:00:00,8.5
2024-01-04 16:00:00,4.9
2024-01-04 20:00:00,8.1
2024-01-05 0:00:00,16.8
2024-01-05 4:00:00,16.7
2024-01-05 8:00:00,2.7
2024-01-05 12:00:00,6.8
2024-01-05 16:00:00,3.6
2024-01-05 20:00:00,5.2
2024-01-06 0:00:00,15.9
2024-01-06 4:00:00,15.0
2024-01-06 8:00:00,4.2
2024-01-06 12:00:00,6.6
2024-01-06 16:00:00,3.3
2024-01-06 20:00:00,5.5
2024-01-07 0:00:00,14.8
2024-01-07 4:00:00,16.3
2024-01-07 8:00:00,8.8
2024-01-07 12:00:00,5.0
2024-01-07 16:00:00,3.6
2024-01-07 20:00:00,6.7
2024-01-08 0:00:00,14.2
2024-01-08 4:00:00,15.8
2024-01-08 8:00:00,5.8
2024-01-08 12:00:00,3.8
2024-01-08 16:00:00,2.1
2024-01-08 20:00:00,4.1
2024-01-09 0:00:00,7.7
2024-01-09 4:00:00,14.4
2024-01-09 8:00:00,3.5
2024-01-09 12:00:00,3.7
2024-01-09 16:00:00,2.9
2024-01-09 20:00:00,3.9
2024-01-10 0:00:00,10.8
2024-01-10 4:00:00,13.0
2024-01-10 8:00:00,4.7
2024-01-10 12:00:00,4.4
2024-01-10 16:00:00,3.3
2024-01-10 20:00:00,2.7
2024-01-11 0:00:00,5.7
2024-01-11 4:00:00,10.8
2024-01-11 8:00:00,4.2
2024-01-11 12:00:00,5.9
2024-01-11 16:00:00,2.1
2024-01-11 20:00:00,3.8
2024-01-12 0:00:00,6.5
2024-01-12 4:00:00,6.1
2024-01-12 8:00:00,3.5
2024-01-12 12:00:00,4.1
2024-01-12 16:00:00,0.7
2024-01-12 20:00:00,2.8
2024-01-13 0:00:00,5.6
2024-01-13 4:00:00,8.9
2024-01-13 8:00:00,4.4
2024-01-13 12:00:00,4.0
2024-01-13 16:00:00,2.9
2024-01-13 20:00:00,2.8
2024-01-14 0:00:00,13.7
2024-01-14 4:00:00,11.3
2024-01-14 8:00:00,5.9
2024-01-14 12:00:00,6.1
2024-01-14 16:00:00,3.1
2024-01-14 20:00:00,7.0
2024-01-15 0:00:00,17.4
2024-01-15 4:00:00,10.7
2024-01-15 8:00:00,3.0
2024-01-15 12:00:00,2.2
2024-01-15 16:00:00,4.0
2024-01-15 20:00:00,5.4
2024-01-16 0:00:00,12.4
2024-01-16 4:00:00,10.2
2024-01-16 8:00:00,3.3
2024-01-16 12:00:00,2.2
2024-01-16 16:00:00,1.3
2024-01-16 20:00:00,3.3
2024-01-17 0:00:00,7.2
2024-01-17 4:00:00,7.9
2024-01-17 8:00:00,4.2
2024-01-17 12:00:00,4.3
2024-01-17 16:00:00,0.9
2024-01-17 20:00:00,1.8
2024-01-18 0:00:00,5.4
2024-01-18 4:00:00,6.5
2024-01-18 8:00:00,1.8
2024-01-18 12:00:00,3.2
2024-01-18 16:00:00,0.1
2024-01-18 20:00:00,2.9
2024-01-21 0:00:00,8.4
2024-01-21 4:00:00,7.1
2024-01-21 8:00:00,7.2
2024-01-21 12:00:00,6.3
2024-01-21 16:00:00,4.1
2024-01-21 20:00:00,5.8
2024-01-22 0:00:00,18.8
2024-01-22 4:00:00,11.2
2024-01-22 8:00:00,4.4
2024-01-22 12:00:00,9.2
2024-01-22 16:00:00,4.2
2024-01-22 20:00:00,7.6
2024-01-23 0:00:00,22.7
2024-01-23 4:00:00,18.9
2024-01-23 8:00:00,5.5
2024-01-23 12:00:00,5.9
2024-01-23 16:00:00,2.7
2024-01-23 20:00:00,5.4
2024-01-24 0:00:00,21.6
2024-01-24 4:00:00,21.4
2024-01-24 8:00:00,4.2
2024-01-24 12:00:00,5.2
2024-01-24 16:00:00,1.5
2024-01-24 20:00:00,5.5
2024-01-25 0:00:00,25.7
2024-01-25 4:00:00,16.1
2024-01-25 8:00:00,3.8
2024-01-25 12:00:00,5.6
2024-01-25 16:00:00,2.8
2024-01-25 20:00:00,3.8
2024-01-26 0:00:00,17.9
2024-01-26 4:00:00,11.7
2024-01-26 8:00:00,2.9
2024-01-26 12:00:00,3.4
2024-01-26 16:00:00,1.1
2024-01-26 20:00:00,4.5
2024-01-27 0:00:00,13.9
2024-01-27 4:00:00,9.3
2024-01-27 8:00:00,6.4
2024-01-27 12:00:00,6.3
2024-01-27 16:00:00,2.4
2024-01-27 20:00:00,4.4
2024-01-28 0:00:00,12.1
2024-01-28 4:00:00,7.9
2024-01-28 8:00:00,8.5
2024-01-28 12:00:00,12.2
2024-01-28 16:00:00,2.9
2024-01-28 20:00:00,5.5
2024-01-29 0:00:00,12.3
2024-01-29 4:00:00,13.4
2024-01-29 8:00:00,6.8
2024-01-29 12:00:00,6.7
2024-01-29 16:00:00,3.3
2024-01-29 20:00:00,3.5
2024-01-30 0:00:00,12.3
2024-01-30 4:00:00,7.3
2024-01-30 8:00:00,3.9
2024-01-30 12:00:00,5.5
2024-01-30 16:00:00,2.1
2024-01-30 20:00:00,2.5
2024-01-31 0:00:00,7.6
2024-01-31 4:00:00,7.1
2024-01-31 8:00:00,3.2
2024-01-31 12:00:00,4.5
2024-01-31 16:00:00,2.5
2024-01-31 20:00:00,3.1
2024-02-01 0:00:00,11.2
2024-02-01 4:00:00,16.8
2024-02-01 8:00:00,5.9
2024-02-01 12:00:00,3.8
2024-02-01 16:00:00,1.8
2024-02-01 20:00:00,4.8
2024-02-02 0:00:00,12.1
2024-02-02 4:00:00,10.3
2024-02-02 8:00:00,5.1
2024-02-02 12:00:00,5.7
2024-02-02 16:00:00,2.4
2024-02-02 20:00:00,4.2
2024-02-03 0:00:00,24.3
2024-02-03 4:00:00,15.3
2024-02-03 8:00:00,6.4
2024-02-03 12:00:00,7.5
2024-02-03 16:00:00,2.5
2024-02-03 20:00:00,5.8
2024-02-04 0:00:00,22.2
2024-02-04 4:00:00,22.9
2024-02-04 8:00:00,10.6
2024-02-04 12:00:00,14.0
2024-02-04 16:00:00,6.4
2024-02-04 20:00:00,10.5
2024-02-05 0:00:00,24.0
2024-02-05 4:00:00,21.4
2024-02-05 8:00:00,7.5
2024-02-05 12:00:00,12.3
2024-02-05 16:00:00,11.9
2024-02-05 20:00:00,8.6
2024-02-06 0:00:00,15.4
2024-02-06 4:00:00,22.1
2024-02-06 8:00:00,8.0
2024-02-06 12:00:00,8.9
2024-02-06 16:00:00,4.8
2024-02-06 20:00:00,5.0
2024-02-07 0:00:00,16.1
2024-02-07 4:00:00,16.2
2024-02-07 8:00:00,5.7
2024-02-07 12:00:00,6.1
2024-02-07 16:00:00,3.5
2024-02-07 20:00:00,4.5
2024-02-08 0:00:00,13.7
2024-02-08 4:00:00,7.9
2024-02-08 8:00:00,6.3
2024-02-08 12:00:00,3.5
2024-02-08 16:00:00,3.3
2024-02-08 20:00:00,3.8
2024-02-09 0:00:00,12.3
2024-02-09 4:00:00,7.8
2024-02-09 8:00:00,2.4
2024-02-09 12:00:00,5.1
2024-02-09 16:00:00,3.3
2024-02-09 20:00:00,3.2
2024-02-10 0:00:00,9.4
2024-02-10 4:00:00,8.6
2024-02-10 8:00:00,3.6
2024-02-10 12:00:00,4.7
2024-02-10 16:00:00,1.1
2024-02-10 20:00:00,5.0
2024-02-11 0:00:00,7.7
2024-02-11 4:00:00,7.3
2024-02-11 8:00:00,4.2
2024-02-11 12:00:00,4.2
2024-02-11 16:00:00,3.3
2024-02-11 20:00:00,5.8
2024-02-12 0:00:00,11.8
2024-02-12 4:00:00,10.8
2024-02-12 8:00:00,2.4
2024-02-12 12:00:00,2.0
2024-02-12 16:00:00,1.6
2024-02-12 20:00:00,2.4
2024-02-13 0:00:00,7.7
2024-02-13 4:00:00,7.2
2024-02-13 8:00:00,5.9
2024-02-13 12:00:00,2.4
2024-02-13 16:00:00,-0.4
2024-02-13 20:00:00,1.5
2024-02-14 0:00:00,6.3
2024-02-14 4:00:00,5.1
2024-02-14 8:00:00,3.7
2024-02-14 12:00:00,2.4
2024-02-14 16:00:00,0.8
2024-02-14 20:00:00,2.8
2024-02-15 0:00:00,4.7
2024-02-15 4:00:00,5.0
2024-02-15 8:00:00,5.7
2024-02-15 12:00:00,3.7
2024-02-15 16:00:00,0.4
2024-02-15 20:00:00,1.2
2024-02-16 0:00:00,5.0
2024-02-16 4:00:00,6.4
2024-02-16 8:00:00,6.9
2024-02-16 12:00:00,32.9
2024-02-16 16:00:00,10.2
2024-02-16 20:00:00,1.0
2024-02-20 0:00:00,6.0
2024-02-20 4:00:00,7.6
2024-02-20 8:00:00,5.4
2024-02-20 12:00:00,7.5
2024-02-20 16:00:00,1.4
2024-02-20 20:00:00,1.4
2024-02-21 0:00:00,5.2
2024-02-21 4:00:00,4.6
2024-02-21 8:00:00,4.6
2024-02-21 12:00:00,4.8
2024-02-21 16:00:00,3.1
2024-02-21 20:00:00,1.9
2024-02-22 0:00:00,8.2
2024-02-22 4:00:00,8.1
2024-02-22 8:00:00,2.8
2024-02-22 12:00:00,5.0
2024-02-22 16:00:00,3.4
2024-02-22 20:00:00,5.0
2024-02-23 0:00:00,13.2
2024-02-23 4:00:00,8.8
2024-02-23 8:00:00,6.5
2024-02-23 12:00:00,9.0
2024-02-23 16:00:00,4.8
2024-02-23 20:00:00,6.6
2024-02-24 0:00:00,14.7
2024-02-24 4:00:00,10.7
2024-02-24 8:00:00,6.7
2024-02-24 12:00:00,14.9
2024-02-24 16:00:00,8.5
2024-02-24 20:00:00,4.8
2024-02-25 0:00:00,9.1
2024-02-25 4:00:00,8.1
2024-02-25 8:00:00,9.5
2024-02-25 12:00:00,16.0
2024-02-25 16:00:00,9.7
2024-02-25 20:00:00,6.0
2024-02-26 0:00:00,6.9
2024-02-26 4:00:00,4.5
2024-02-26 8:00:00,3.3
2024-02-26 12:00:00,8.0
2024-02-26 16:00:00,2.6
2024-02-26 20:00:00,2.1
2024-02-27 0:00:00,4.1
2024-02-27 4:00:00,4.0
2024-02-27 8:00:00,2.7
2024-02-27 12:00:00,6.8
2024-02-27 16:00:00,3.1
2024-02-27 20:00:00,2.6
2024-02-28 0:00:00,4.6
2024-02-28 4:00:00,3.9
2024-02-28 8:00:00,3.8
2024-02-28 12:00:00,6.0
2024-02-28 16:00:00,1.6
2024-02-28 20:00:00,2.5
2024-02-29 0:00:00,6.4
2024-02-29 4:00:00,5.0
2024-02-29 8:00:00,6.8
2024-02-29 12:00:00,6.3
2024-02-29 16:00:00,1.7
2024-02-29 20:00:00,2.2
2024-03-01 0:00:00,5.2
2024-03-01 4:00:00,2.6
2024-03-01 8:00:00,5.9
2024-03-01 12:00:00,8.3
2024-03-01 16:00:00,1.3
2024-03-01 20:00:00,2.6
2024-03-02 0:00:00,5.2
2024-03-02 4:00:00,4.8
2024-03-02 8:00:00,8.9
2024-03-02 12:00:00,10.3
2024-03-02 16:00:00,4.3
2024-03-02 20:00:00,2.4
2024-03-03 0:00:00,6.0
2024-03-03 4:00:00,5.7
2024-03-03 8:00:00,9.5
2024-03-03 12:00:00,16.0
2024-03-03 16:00:00,2.6
2024-03-03 20:00:00,3.6
2024-03-04 0:00:00,3.7
2024-03-04 4:00:00,3.6
2024-03-04 8:00:00,3.6
2024-03-04 12:00:00,7.5
2024-03-04 16:00:00,1.6
2024-03-04 20:00:00,0.9
2024-03-05 0:00:00,6.3
2024-03-05 4:00:00,4.4
2024-03-05 8:00:00,2.3
2024-03-05 12:00:00,4.3
2024-03-05 16:00:00,2.3
2024-03-05 20:00:00,1.7
2024-03-06 0:00:00,3.6
2024-03-06 4:00:00,3.3
2024-03-06 8:00:00,4.6
2024-03-06 12:00:00,5.3
2024-03-06 16:00:00,0.0
2024-03-06 20:00:00,1.7
2024-03-07 0:00:00,2.7
2024-03-07 4:00:00,1.2
2024-03-07 8:00:00,3.8
2024-03-07 12:00:00,8.1
2024-03-07 16:00:00,0.2
2024-03-07 20:00:00,1.5
2024-03-08 0:00:00,2.9
2024-03-08 4:00:00,3.2
2024-03-08 8:00:00,0.6
2024-03-08 12:00:00,18.3
2024-03-08 16:00:00,8.0
2024-03-08 20:00:00,2.4
2024-03-09 0:00:00,4.1
2024-03-09 4:00:00,3.4
2024-03-09 8:00:00,10.3
2024-03-09 12:00:00,29.1
2024-03-09 16:00:00,4.2
2024-03-09 20:00:00,3.9
2024-03-10 0:00:00,7.1
2024-03-10 4:00:00,5.1
2024-03-10 8:00:00,12.9
2024-03-10 12:00:00,28.1
2024-03-10 16:00:00,8.1
2024-03-10 20:00:00,3.7
2024-03-11 0:00:00,5.4
2024-03-11 4:00:00,5.4
2024-03-11 8:00:00,7.6
2024-03-11 12:00:00,13.9
2024-03-11 16:00:00,6.3
2024-03-11 20:00:00,2.5
2024-03-12 0:00:00,4.5
2024-03-12 4:00:00,1.6
2024-03-12 8:00:00,5.6
2024-03-12 12:00:00,9.1
2024-03-12 16:00:00,3.1
2024-03-12 20:00:00,3.4
2024-03-13 0:00:00,3.1
2024-03-13 4:00:00,1.6
2024-03-13 8:00:00,1.3
2024-03-13 12:00:00,7.0
2024-03-13 16:00:00,3.8
2024-03-13 20:00:00,2.0
2024-03-14 0:00:00,2.0
2024-03-14 4:00:00,2.5
2024-03-14 8:00:00,5.4
2024-03-14 12:00:00,8.0
2024-03-14 16:00:00,1.9
2024-03-14 20:00:00,1.7
2024-03-15 0:00:00,3.1
2024-03-15 4:00:00,5.5
2024-03-15 8:00:00,8.7
2024-03-15 12:00:00,10.1
2024-03-15 16:00:00,3.6
2024-03-15 20:00:00,2.0
2024-03-16 0:00:00,5.0
2024-03-16 4:00:00,6.6
2024-03-16 8:00:00,4.2
2024-03-16 12:00:00,26.5
2024-03-16 16:00:00,4.2
2024-03-16 20:00:00,2.7
2024-03-17 0:00:00,7.6
2024-03-17 4:00:00,3.4
2024-03-17 8:00:00,9.4
2024-03-17 12:00:00,23.9
2024-03-17 16:00:00,6.6
2024-03-17 20:00:00,3.9
2024-03-18 0:00:00,4.7
2024-03-18 4:00:00,5.7
2024-03-18 8:00:00,3.3
2024-03-18 12:00:00,18.2
2024-03-18 16:00:00,1.6
2024-03-18 20:00:00,0.9
2024-03-19 0:00:00,3.3
2024-03-19 4:00:00,9.7
2024-03-19 8:00:00,10.4
2024-03-19 12:00:00,8.7
2024-03-19 16:00:00,3.0
2024-03-19 20:00:00,1.0
2024-03-20 0:00:00,3.2
2024-03-20 4:00:00,2.1
2024-03-20 8:00:00,3.0
2024-03-20 12:00:00,4.9
2024-03-20 16:00:00,2.1
2024-03-20 20:00:00,1.9
2024-03-21 0:00:00,4.2
2024-03-21 4:00:00,2.2
2024-03-21 8:00:00,6.0
2024-03-21 12:00:00,8.6
2024-03-21 16:00:00,4.8
2024-03-21 20:00:00,1.1
2024-03-22 0:00:00,3.0
2024-03-22 4:00:00,0.8
2024-03-22 8:00:00,8.0
2024-03-22 12:00:00,13.8
2024-03-22 16:00:00,2.1
2024-03-22 20:00:00,1.6
2024-03-23 0:00:00,5.2
2024-03-23 4:00:00,2.9
2024-03-23 8:00:00,9.4
2024-03-23 12:00:00,35.8
2024-03-23 16:00:00,7.0
2024-03-23 20:00:00,3.9
2024-03-24 0:00:00,6.9
2024-03-24 4:00:00,9.1
2024-03-24 8:00:00,22.0
2024-03-24 12:00:00,39.0
2024-03-24 16:00:00,10.8
2024-03-24 20:00:00,6.2
2024-03-25 0:00:00,7.0
2024-03-25 4:00:00,5.3
2024-03-25 8:00:00,11.8
2024-03-25 12:00:00,41.0
2024-03-25 16:00:00,5.6
2024-03-25 20:00:00,3.3
2024-03-26 0:00:00,5.4
2024-03-26 4:00:00,5.4
2024-03-26 8:00:00,12.5
2024-03-26 12:00:00,28.0
2024-03-26 16:00:00,7.1
2024-03-26 20:00:00,3.8
2024-03-27 0:00:00,6.3
2024-03-27 4:00:00,2.3
2024-03-27 8:00:00,6.7
2024-03-27 12:00:00,24.8
2024-03-27 16:00:00,1.8
2024-03-27 20:00:00,2.6
2024-03-28 0:00:00,3.6
2024-03-28 4:00:00,3.8
2024-03-28 8:00:00,6.4
2024-03-28 12:00:00,21.9
2024-03-28 16:00:00,7.2
2024-03-28 20:00:00,2.9
2024-03-29 0:00:00,6.3
2024-03-29 4:00:00,12.3
2024-03-29 8:00:00,11.0
2024-03-29 12:00:00,26.9
2024-03-29 16:00:00,7.1
2024-03-29 20:00:00,4.3
2024-03-30 0:00:00,7.3
2024-03-30 4:00:00,11.9
2024-03-30 8:00:00,18.2
2024-03-30 12:00:00,36.0
2024-03-30 16:00:00,7.9
2024-03-30 20:00:00,3.1
2024-03-31 0:00:00,10.0
2024-03-31 4:00:00,6.5
2024-03-31 8:00:00,19.9
2024-03-31 12:00:00,44.5
2024-03-31 16:00:00,13.0
2024-03-31 20:00:00,3.2
2024-04-01 0:00:00,6.1
2024-04-01 4:00:00,6.8
2024-04-01 8:00:00,12.1
2024-04-01 12:00:00,35.6
2024-04-01 16:00:00,13.0
2024-04-01 20:00:00,2.7
2024-04-02 0:00:00,6.0
2024-04-02 4:00:00,6.5
2024-04-02 8:00:00,13.3
2024-04-02 12:00:00,47.6
2024-04-02 16:00:00,9.7
2024-04-02 20:00:00,5.3
2024-04-03 0:00:00,7.3
2024-04-03 4:00:00,5.4
2024-04-03 8:00:00,12.2
2024-04-03 12:00:00,23.6
2024-04-03 16:00:00,8.2
2024-04-03 20:00:00,3.7
2024-04-04 0:00:00,6.9
2024-04-04 4:00:00,5.5
2024-04-04 8:00:00,7.6
2024-04-04 12:00:00,20.8
2024-04-04 16:00:00,7.7
2024-04-04 20:00:00,3.2
2024-04-05 0:00:00,6.9
2024-04-05 4:00:00,5.9
2024-04-05 8:00:00,8.6
2024-04-05 12:00:00,25.0
2024-04-05 16:00:00,9.9
2024-04-05 20:00:00,2.0
2024-04-06 0:00:00,5.9
2024-04-06 4:00:00,4.2
2024-04-06 8:00:00,10.3
2024-04-06 12:00:00,36.0
2024-04-06 16:00:00,15.0
2024-04-06 20:00:00,3.3
2024-04-07 0:00:00,7.2
2024-04-07 4:00:00,7.0
2024-04-07 8:00:00,17.0
2024-04-07 12:00:00,44.4
2024-04-07 16:00:00,12.8
2024-04-07 20:00:00,4.0
2024-04-08 0:00:00,7.4
2024-04-08 4:00:00,4.3
2024-04-08 8:00:00,6.2
2024-04-08 12:00:00,25.2
2024-04-08 16:00:00,10.8
2024-04-08 20:00:00,1.7
2024-04-09 0:00:00,6.0
2024-04-09 4:00:00,6.2
2024-04-09 8:00:00,9.2
2024-04-09 12:00:00,26.8
2024-04-09 16:00:00,8.7
2024-04-09 20:00:00,2.3
2024-04-10 0:00:00,6.7
2024-04-10 4:00:00,6.9
2024-04-10 8:00:00,6.8
2024-04-10 12:00:00,17.1
2024-04-10 16:00:00,11.2
2024-04-10 20:00:00,5.1
2024-04-11 0:00:00,7.5
2024-04-11 4:00:00,6.2
2024-04-11 8:00:00,8.2
2024-04-11 12:00:00,31.8
2024-04-11 16:00:00,8.4
2024-04-11 20:00:00,1.4
2024-04-12 0:00:00,8.3
2024-04-12 4:00:00,6.0
2024-04-12 8:00:00,14.5
2024-04-12 12:00:00,34.6
2024-04-12 16:00:00,11.1
2024-04-12 20:00:00,2.5
2024-04-13 0:00:00,6.7
2024-04-13 4:00:00,7.0
2024-04-13 8:00:00,20.8
2024-04-13 12:00:00,43.5
2024-04-13 16:00:00,19.1
2024-04-13 20:00:00,2.3
2024-04-14 0:00:00,7.8
2024-04-14 4:00:00,9.4
2024-04-14 8:00:00,20.0
2024-04-14 12:00:00,83.5
2024-04-14 16:00:00,27.7
2024-04-14 20:00:00,4.7
2024-04-15 0:00:00,7.6
2024-04-15 4:00:00,5.0
2024-04-15 8:00:00,20.0
2024-04-15 12:00:00,44.9
2024-04-15 16:00:00,16.9
2024-04-15 20:00:00,3.2
2024-04-16 0:00:00,12.2
2024-04-16 4:00:00,19.8
2024-04-16 8:00:00,12.4
2024-04-16 12:00:00,29.8
2024-04-16 16:00:00,12.7
2024-04-16 20:00:00,8.0
2024-04-17 0:00:00,16.0
2024-04-17 4:00:00,15.8
2024-04-17 8:00:00,21.2
2024-04-17 12:00:00,30.2
2024-04-17 16:00:00,10.5
2024-04-17 20:00:00,12.1
2024-04-18 0:00:00,11.6
2024-04-18 4:00:00,8.0
2024-04-18 8:00:00,13.5
2024-04-18 12:00:00,19.6
2024-04-18 16:00:00,11.5
2024-04-18 20:00:00,5.4
2024-04-19 0:00:00,8.2
2024-04-19 4:00:00,6.1
2024-04-19 8:00:00,10.4
2024-04-19 12:00:00,27.2
2024-04-19 16:00:00,10.8
2024-04-19 20:00:00,3.5
2024-04-20 0:00:00,8.9
2024-04-20 4:00:00,11.0
2024-04-20 8:00:00,21.0
2024-04-20 12:00:00,28.7
2024-04-20 16:00:00,12.6
2024-04-20 20:00:00,3.9
2024-04-21 0:00:00,9.5
2024-04-21 4:00:00,6.1
2024-04-21 8:00:00,17.0
2024-04-21 12:00:00,57.2
2024-04-21 16:00:00,16.3
2024-04-21 20:00:00,3.8
2024-04-22 0:00:00,7.1
2024-04-22 4:00:00,5.3
2024-04-22 8:00:00,14.3
2024-04-22 12:00:00,30.2
2024-04-22 16:00:00,13.6
2024-04-22 20:00:00,3.0
2024-04-23 0:00:00,7.2
2024-04-23 4:00:00,6.2
2024-04-23 8:00:00,12.5
2024-04-23 12:00:00,24.2
2024-04-23 16:00:00,10.7
2024-04-23 20:00:00,3.5
2024-04-24 0:00:00,6.1
2024-04-24 4:00:00,3.0
2024-04-24 8:00:00,8.8
2024-04-24 12:00:00,29.5
2024-04-24 16:00:00,9.2
2024-04-24 20:00:00,13.1
2024-04-25 0:00:00,7.9
2024-04-25 4:00:00,4.7
2024-04-25 8:00:00,7.9
2024-04-25 12:00:00,16.5
2024-04-25 16:00:00,11.0
2024-04-25 20:00:00,9.9
2024-04-26 0:00:00,5.9
2024-04-26 4:00:00,3.4
2024-04-26 8:00:00,14.5
2024-04-26 12:00:00,20.8
2024-04-26 16:00:00,10.5
2024-04-26 20:00:00,5.4
2024-04-27 0:00:00,6.1
2024-04-27 4:00:00,7.2
2024-04-27 8:00:00,21.9
2024-04-27 12:00:00,62.6
2024-04-27 16:00:00,10.0
2024-04-27 20:00:00,4.7
2024-04-28 0:00:00,6.4
2024-04-28 4:00:00,6.3
2024-04-28 8:00:00,24.3
2024-04-28 12:00:00,77.7
2024-04-28 16:00:00,23.4
2024-04-28 20:00:00,6.0
2024-04-29 0:00:00,7.4
2024-04-29 4:00:00,6.8
2024-04-29 8:00:00,15.2
2024-04-29 12:00:00,36.6
2024-04-29 16:00:00,14.7
2024-04-29 20:00:00,3.7
2024-04-30 0:00:00,7.1
2024-04-30 4:00:00,2.6
2024-04-30 8:00:00,16.2
2024-04-30 12:00:00,42.7
2024-04-30 16:00:00,13.7
2024-04-30 20:00:00,3.4
2024-05-01 0:00:00,5.0
2024-05-01 4:00:00,3.6
2024-05-01 8:00:00,26.3
2024-05-01 12:00:00,62.7
2024-05-01 16:00:00,13.2
2024-05-01 20:00:00,4.4
2024-05-02 0:00:00,7.1
2024-05-02 4:00:00,4.9
2024-05-02 8:00:00,28.4
2024-05-02 12:00:00,46.1
2024-05-02 16:00:00,10.7
2024-05-02 20:00:00,3.1
2024-05-03 0:00:00,8.2
2024-05-03 4:00:00,5.2
2024-05-03 8:00:00,12.6
2024-05-03 12:00:00,38.4
2024-05-03 16:00:00,11.5
2024-05-03 20:00:00,4.7
2024-05-04 0:00:00,6.2
2024-05-04 4:00:00,8.4
2024-05-04 8:00:00,16.4
2024-05-04 12:00:00,31.5
2024-05-04 16:00:00,12.3
2024-05-04 20:00:00,3.0
2024-05-05 0:00:00,5.3
2024-05-05 4:00:00,4.1
2024-05-05 8:00:00,24.0
2024-05-05 12:00:00,55.0
2024-05-05 16:00:00,23.5
2024-05-05 20:00:00,3.8
2024-05-06 0:00:00,5.4
2024-05-06 4:00:00,5.5
2024-05-06 8:00:00,13.9
2024-05-06 12:00:00,26.6
2024-05-06 16:00:00,14.2
2024-05-06 20:00:00,2.7
2024-05-07 0:00:00,3.9
2024-05-07 4:00:00,4.3
2024-05-07 8:00:00,14.3
2024-05-07 12:00:00,31.3
2024-05-07 16:00:00,8.5
2024-05-07 20:00:00,3.4
2024-05-08 0:00:00,5.1
2024-05-08 4:00:00,1.7
2024-05-08 8:00:00,11.2
2024-05-08 12:00:00,25.1
2024-05-08 16:00:00,12.3
2024-05-08 20:00:00,3.8
2024-05-09 0:00:00,3.8
2024-05-09 4:00:00,2.2
2024-05-09 8:00:00,14.6
2024-05-09 12:00:00,46.6
2024-05-09 16:00:00,12.5
2024-05-09 20:00:00,2.8
2024-05-10 0:00:00,3.4
2024-05-10 4:00:00,2.8
2024-05-10 8:00:00,14.5
2024-05-10 12:00:00,38.9
2024-05-10 16:00:00,14.1
2024-05-10 20:00:00,3.1
2024-05-11 0:00:00,4.6
2024-05-11 4:00:00,1.8
2024-05-11 8:00:00,18.8
2024-05-11 12:00:00,46.0
2024-05-11 16:00:00,14.2
2024-05-11 20:00:00,1.1
2024-05-12 0:00:00,4.7
2024-05-12 4:00:00,3.6
2024-05-12 8:00:00,28.3
2024-05-12 12:00:00,64.3
2024-05-12 16:00:00,27.0
2024-05-12 20:00:00,2.6
2024-05-14 0:00:00,4.6
2024-05-14 4:00:00,9.9
2024-05-14 8:00:00,41.1
2024-05-14 12:00:00,74.1
2024-05-14 16:00:00,24.5
2024-05-14 20:00:00,1.9
2024-05-15 0:00:00,6.8
2024-05-15 4:00:00,9.3
2024-05-15 8:00:00,65.8
2024-05-15 12:00:00,70.5
2024-05-15 16:00:00,22.5
2024-05-15 20:00:00,4.0
2024-05-16 0:00:00,6.1
2024-05-16 4:00:00,5.8
2024-05-16 8:00:00,43.1
2024-05-16 12:00:00,66.6
2024-05-16 16:00:00,16.5
2024-05-16 20:00:00,2.1
2024-05-17 0:00:00,6.3
2024-05-17 4:00:00,8.0
2024-05-17 8:00:00,31.2
2024-05-17 12:00:00,52.3
2024-05-17 16:00:00,13.5
2024-05-17 20:00:00,9.1
2024-05-18 0:00:00,5.3
2024-05-18 4:00:00,6.8
2024-05-18 8:00:00,26.6
2024-05-18 12:00:00,55.0
2024-05-18 16:00:00,17.9
2024-05-18 20:00:00,2.6
2024-05-19 0:00:00,5.2
2024-05-19 4:00:00,4.6
2024-05-19 8:00:00,40.7
2024-05-19 12:00:00,81.4
2024-05-19 16:00:00,31.0
2024-05-19 20:00:00,1.8
2024-05-20 0:00:00,2.9
2024-05-20 4:00:00,7.6
2024-05-20 8:00:00,40.6
2024-05-20 12:00:00,118.3
2024-05-20 16:00:00,37.3
2024-05-20 20:00:00,2.0
2024-05-21 0:00:00,3.3
2024-05-21 4:00:00,5.0
2024-05-21 8:00:00,28.7
2024-05-21 12:00:00,64.1
2024-05-21 16:00:00,27.3
2024-05-21 20:00:00,2.1
2024-05-22 0:00:00,5.5
2024-05-22 4:00:00,13.0
2024-05-22 8:00:00,15.0
2024-05-22 12:00:00,45.6
2024-05-22 16:00:00,15.0
2024-05-22 20:00:00,2.6
2024-05-23 0:00:00,6.7
2024-05-23 4:00:00,7.9
2024-05-23 8:00:00,8.8
2024-05-23 12:00:00,31.3
2024-05-23 16:00:00,12.5
2024-05-23 20:00:00,1.9
2024-05-24 0:00:00,5.2
2024-05-24 4:00:00,4.7
2024-05-24 8:00:00,16.6
2024-05-24 12:00:00,28.7
2024-05-24 16:00:00,10.4
2024-05-24 20:00:00,3.2
2024-05-25 0:00:00,4.1
2024-05-25 4:00:00,4.8
2024-05-25 8:00:00,19.6
2024-05-25 12:00:00,43.3
2024-05-25 16:00:00,15.5
2024-05-25 20:00:00,1.6
2024-05-26 0:00:00,5.2
2024-05-26 4:00:00,5.5
2024-05-26 8:00:00,26.6
2024-05-26 12:00:00,78.7
2024-05-26 16:00:00,23.6
2024-05-26 20:00:00,2.8
2024-05-27 0:00:00,2.9
2024-05-27 4:00:00,9.7
2024-05-27 8:00:00,21.1
2024-05-27 12:00:00,43.7
2024-05-27 16:00:00,16.3
2024-05-27 20:00:00,4.1
2024-05-28 0:00:00,4.0
2024-05-28 4:00:00,6.4
2024-05-28 8:00:00,11.9
2024-05-28 12:00:00,34.6
2024-05-28 16:00:00,12.3
2024-05-28 20:00:00,3.0
2024-05-29 0:00:00,5.2
2024-05-29 4:00:00,2.2
2024-05-29 8:00:00,14.8
2024-05-29 12:00:00,26.9
2024-05-29 16:00:00,8.6
2024-05-29 20:00:00,2.1
2024-05-30 0:00:00,3.6
2024-05-30 4:00:00,8.5
2024-05-30 8:00:00,14.4
2024-05-30 12:00:00,18.4
2024-05-30 16:00:00,10.7
2024-05-30 20:00:00,1.2
2024-05-31 0:00:00,2.7
2024-05-31 4:00:00,2.5
2024-05-31 8:00:00,11.3
2024-05-31 12:00:00,21.7
2024-05-31 16:00:00,8.9
2024-05-31 20:00:00,1.6
2024-06-01 0:00:00,4.2
2024-06-01 4:00:00,4.1
2024-06-01 8:00:00,16.0
2024-06-01 12:00:00,48.7
2024-06-01 16:00:00,10.5
2024-06-01 20:00:00,-0.5
2024-06-02 0:00:00,4.2
2024-06-02 4:00:00,11.7
2024-06-02 8:00:00,34.5
2024-06-02 12:00:00,83.3
2024-06-02 16:00:00,27.6
2024-06-02 20:00:00,2.3
2024-06-03 0:00:00,5.7
2024-06-03 4:00:00,65.7
2024-06-03 8:00:00,102.7
2024-06-03 12:00:00,161.3
2024-06-03 16:00:00,43.2
2024-06-03 20:00:00,17.7
2024-06-04 0:00:00,27.2
2024-06-04 4:00:00,37.1
2024-06-04 8:00:00,75.3
2024-06-04 12:00:00,97.7
2024-06-04 16:00:00,89.9
2024-06-04 20:00:00,30.6
2024-06-05 0:00:00,28.5
2024-06-05 4:00:00,23.5
2024-06-05 8:00:00,40.6
2024-06-05 12:00:00,76.9
2024-06-05 16:00:00,57.7
2024-06-05 20:00:00,11.7
2024-06-06 0:00:00,23.4
2024-06-06 4:00:00,22.6
2024-06-06 8:00:00,30.6
2024-06-06 12:00:00,67.6
2024-06-06 16:00:00,40.3
2024-06-06 20:00:00,10.2
2024-06-07 0:00:00,13.5
2024-06-07 4:00:00,13.6
2024-06-07 8:00:00,32.5
2024-06-07 12:00:00,63.8
2024-06-07 16:00:00,35.1
2024-06-07 20:00:00,7.4
2024-06-08 0:00:00,12.2
2024-06-08 4:00:00,10.2
2024-06-08 8:00:00,38.1
2024-06-08 12:00:00,75.9
2024-06-08 16:00:00,32.8
2024-06-08 20:00:00,6.5
2024-06-09 0:00:00,10.8
2024-06-09 4:00:00,10.7
2024-06-09 8:00:00,57.5
2024-06-09 12:00:00,97.0
2024-06-09 16:00:00,43.6
2024-06-09 20:00:00,7.5
2024-06-10 0:00:00,10.5
2024-06-10 4:00:00,10.6
2024-06-10 8:00:00,34.0
2024-06-10 12:00:00,63.4
2024-06-10 16:00:00,25.6
2024-06-10 20:00:00,1.9
2024-06-11 0:00:00,9.6
2024-06-11 4:00:00,14.0
2024-06-11 8:00:00,90.2
2024-06-11 12:00:00,91.4
2024-06-11 16:00:00,40.2
2024-06-11 20:00:00,4.4
2024-06-12 0:00:00,9.5
2024-06-12 4:00:00,13.5
2024-06-12 8:00:00,61.5
2024-06-12 12:00:00,88.2
2024-06-12 16:00:00,34.0
2024-06-12 20:00:00,3.0
2024-06-13 0:00:00,9.3
2024-06-13 4:00:00,8.6
2024-06-13 8:00:00,38.5
2024-06-13 12:00:00,57.3
2024-06-13 16:00:00,16.0
2024-06-13 20:00:00,2.5
2024-06-14 0:00:00,8.8
2024-06-14 4:00:00,7.9
2024-06-14 8:00:00,28.7
2024-06-14 12:00:00,41.1
2024-06-14 16:00:00,15.1
2024-06-14 20:00:00,1.9
2024-06-15 0:00:00,6.3
2024-06-15 4:00:00,7.8
2024-06-15 8:00:00,33.9
2024-06-15 12:00:00,79.0
2024-06-15 16:00:00,35.5
2024-06-15 20:00:00,1.4
2024-06-16 0:00:00,9.3
2024-06-16 4:00:00,9.9
2024-06-16 8:00:00,45.3
2024-06-16 12:00:00,83.5
2024-06-16 16:00:00,30.7
2024-06-16 20:00:00,2.7
2024-06-17 0:00:00,7.6
2024-06-17 4:00:00,12.2
2024-06-17 8:00:00,33.6
2024-06-17 12:00:00,55.0
2024-06-17 16:00:00,21.0
2024-06-17 20:00:00,0.8
2024-06-18 0:00:00,8.1
2024-06-18 4:00:00,12.9
2024-06-18 8:00:00,35.4
2024-06-18 12:00:00,55.4
2024-06-18 16:00:00,28.6
2024-06-18 20:00:00,1.3
2024-06-19 0:00:00,5.7
2024-06-19 4:00:00,5.5
2024-06-19 8:00:00,29.6
2024-06-19 12:00:00,53.1
2024-06-19 16:00:00,14.2
2024-06-19 20:00:00,1.5
2024-06-20 0:00:00,5.5
2024-06-20 4:00:00,4.2
2024-06-20 8:00:00,32.1
2024-06-20 12:00:00,41.2
2024-06-20 16:00:00,13.4
2024-06-20 20:00:00,0.4
2024-06-21 0:00:00,5.1
2024-06-21 4:00:00,5.6
2024-06-21 8:00:00,23.1
2024-06-21 12:00:00,39.7
2024-06-21 16:00:00,10.9
2024-06-21 20:00:00,2.0
2024-06-23 0:00:00,6.1
2024-06-23 4:00:00,6.5
2024-06-23 8:00:00,40.2
2024-06-23 12:00:00,70.1
2024-06-23 16:00:00,20.1
2024-06-23 20:00:00,2.1
2024-06-24 0:00:00,5.1
2024-06-24 4:00:00,12.1
2024-06-24 8:00:00,30.5
2024-06-24 12:00:00,42.7
2024-06-24 16:00:00,19.6
2024-06-24 20:00:00,1.6
2024-06-25 0:00:00,4.9
2024-06-25 4:00:00,8.6
2024-06-25 8:00:00,22.1
2024-06-25 12:00:00,48.0
2024-06-25 16:00:00,21.5
2024-06-25 20:00:00,0.8
2024-06-26 0:00:00,4.1
2024-06-26 4:00:00,1.3
2024-06-26 8:00:00,29.1
2024-06-26 12:00:00,58.3
2024-06-26 16:00:00,7.1
2024-06-26 20:00:00,2.0
2024-06-27 0:00:00,5.1
2024-06-27 4:00:00,14.0
2024-06-27 8:00:00,57.7
2024-06-27 12:00:00,42.4
2024-06-27 16:00:00,13.1
2024-06-27 20:00:00,1.9
2024-06-28 0:00:00,9.3
2024-06-28 4:00:00,4.2
2024-06-28 8:00:00,28.7
2024-06-28 12:00:00,48.0
2024-06-28 16:00:00,34.8
2024-06-28 20:00:00,-0.3
2024-06-29 0:00:00,8.2
2024-06-29 4:00:00,3.3
2024-06-29 8:00:00,35.2
2024-06-29 12:00:00,63.7
2024-06-29 16:00:00,38.9
2024-06-29 20:00:00,1.6
2024-06-30 0:00:00,6.5
2024-06-30 4:00:00,7.0
2024-06-30 8:00:00,31.3
2024-06-30 12:00:00,63.6
2024-06-30 16:00:00,22.6
2024-06-30 20:00:00,1.9
2024-07-01 0:00:00,4.7
2024-07-01 4:00:00,8.6
2024-07-01 8:00:00,24.5
2024-07-01 12:00:00,46.1
2024-07-01 16:00:00,18.5
2024-07-01 20:00:00,0.7
2024-07-02 0:00:00,6.7
2024-07-02 4:00:00,9.6
2024-07-02 8:00:00,51.1
2024-07-02 12:00:00,45.4
2024-07-02 16:00:00,10.1
2024-07-02 20:00:00,5.2
2024-07-03 0:00:00,4.2
2024-07-03 4:00:00,5.8
2024-07-03 8:00:00,27.4
2024-07-03 12:00:00,37.8
2024-07-03 16:00:00,11.5
2024-07-03 20:00:00,2.6
2024-07-04 0:00:00,5.7
2024-07-04 4:00:00,7.0
2024-07-04 8:00:00,30.0
2024-07-04 12:00:00,70.4
2024-07-04 16:00:00,29.4
2024-07-04 20:00:00,1.7
2024-07-05 0:00:00,4.9
2024-07-05 4:00:00,7.9
2024-07-05 8:00:00,72.4
2024-07-05 12:00:00,95.8
2024-07-05 16:00:00,21.6
2024-07-05 20:00:00,1.4
2024-07-06 0:00:00,5.2
2024-07-06 4:00:00,6.1
2024-07-06 8:00:00,39.2
2024-07-06 12:00:00,74.1
2024-07-06 16:00:00,25.4
2024-07-06 20:00:00,2.2
2024-07-07 0:00:00,7.6
2024-07-07 4:00:00,8.1
2024-07-07 8:00:00,36.5
2024-07-07 12:00:00,72.7
2024-07-07 16:00:00,28.1
2024-07-07 20:00:00,5.2
2024-07-08 0:00:00,7.9
2024-07-08 4:00:00,15.6
2024-07-08 8:00:00,26.9
2024-07-08 12:00:00,55.9
2024-07-08 16:00:00,17.8
2024-07-08 20:00:00,2.9
2024-07-09 0:00:00,6.1
2024-07-09 4:00:00,8.9
2024-07-09 8:00:00,27.8
2024-07-09 12:00:00,46.1
2024-07-09 16:00:00,21.2
2024-07-09 20:00:00,2.0
2024-07-10 0:00:00,4.7
2024-07-10 4:00:00,5.9
2024-07-10 8:00:00,21.3
2024-07-10 12:00:00,36.5
2024-07-10 16:00:00,14.0
2024-07-10 20:00:00,2.8
2024-07-11 0:00:00,5.2
2024-07-11 4:00:00,6.4
2024-07-11 8:00:00,23.7
2024-07-11 12:00:00,39.6
2024-07-11 16:00:00,13.8
2024-07-11 20:00:00,1.7
2024-07-12 0:00:00,5.0
2024-07-12 4:00:00,2.9
2024-07-12 8:00:00,16.9
2024-07-12 12:00:00,30.2
2024-07-12 16:00:00,10.7
2024-07-12 20:00:00,2.5
2024-07-13 0:00:00,3.6
2024-07-13 4:00:00,4.4
2024-07-13 8:00:00,21.5
2024-07-13 12:00:00,54.9
2024-07-13 16:00:00,20.1
2024-07-13 20:00:00,1.6
2024-07-14 0:00:00,5.0
2024-07-14 4:00:00,7.0
2024-07-14 8:00:00,35.1
2024-07-14 12:00:00,69.4
2024-07-14 16:00:00,26.1
2024-07-14 20:00:00,1.4
2024-07-15 0:00:00,3.7
2024-07-15 4:00:00,6.5
2024-07-15 8:00:00,28.2
2024-07-15 12:00:00,47.4
2024-07-15 16:00:00,6.7
2024-07-15 20:00:00,0.5
2024-07-16 0:00:00,4.2
2024-07-16 4:00:00,29.3
2024-07-16 8:00:00,153.9
2024-07-16 12:00:00,67.8
2024-07-16 16:00:00,69.6
2024-07-16 20:00:00,5.9
2024-07-17 0:00:00,6.4
2024-07-17 4:00:00,17.9
2024-07-17 8:00:00,51.5
2024-07-17 12:00:00,64.5
2024-07-17 16:00:00,34.2
2024-07-17 20:00:00,0.1
2024-07-18 0:00:00,3.1
2024-07-18 4:00:00,7.3
2024-07-18 8:00:00,27.2
2024-07-18 12:00:00,44.3
2024-07-18 16:00:00,22.0
2024-07-18 20:00:00,1.8
2024-07-19 0:00:00,4.4
2024-07-19 4:00:00,5.1
2024-07-19 8:00:00,23.5
2024-07-19 12:00:00,47.9
2024-07-19 16:00:00,14.4
2024-07-19 20:00:00,0.6
2024-07-20 0:00:00,3.6
2024-07-20 4:00:00,2.3
2024-07-20 8:00:00,25.9
2024-07-20 12:00:00,52.8
2024-07-20 16:00:00,15.7
2024-07-20 20:00:00,2.1
2024-07-21 0:00:00,5.3
2024-07-21 4:00:00,6.9
2024-07-21 8:00:00,33.3
2024-07-21 12:00:00,51.1
2024-07-21 16:00:00,26.4
2024-07-21 20:00:00,1.8
2024-07-22 0:00:00,3.5
2024-07-22 4:00:00,6.8
2024-07-22 8:00:00,25.6
2024-07-22 12:00:00,34.5
2024-07-22 16:00:00,16.3
2024-07-22 20:00:00,2.4
2024-07-23 0:00:00,3.8
2024-07-23 4:00:00,7.0
2024-07-23 8:00:00,30.6
2024-07-23 12:00:00,36.4
2024-07-23 16:00:00,15.6
2024-07-23 20:00:00,2.5
2024-07-24 0:00:00,4.1
2024-07-24 4:00:00,8.2
2024-07-24 8:00:00,17.8
2024-07-24 12:00:00,45.4
2024-07-24 16:00:00,17.4
2024-07-24 20:00:00,1.2
2024-07-25 0:00:00,3.2
2024-07-25 4:00:00,0.1
2024-07-25 8:00:00,13.2
2024-07-25 12:00:00,38.4
2024-07-25 16:00:00,23.1
2024-07-25 20:00:00,1.2
2024-07-26 0:00:00,4.1
2024-07-26 4:00:00,3.4
2024-07-26 8:00:00,16.6
2024-07-26 12:00:00,39.6
2024-07-26 16:00:00,17.3
2024-07-26 20:00:00,1.6
2024-07-27 0:00:00,3.2
2024-07-27 4:00:00,2.8
2024-07-27 8:00:00,15.9
2024-07-27 12:00:00,44.7
2024-07-27 16:00:00,14.9
2024-07-27 20:00:00,1.7
2024-07-28 0:00:00,4.0
2024-07-28 4:00:00,6.1
2024-07-28 8:00:00,25.2
2024-07-28 12:00:00,60.3
2024-07-28 16:00:00,32.3
2024-07-28 20:00:00,1.7
2024-07-29 0:00:00,3.3
2024-07-29 4:00:00,4.6
2024-07-29 8:00:00,16.1
2024-07-29 12:00:00,52.9
2024-07-29 16:00:00,32.2
2024-07-29 20:00:00,0.6
2024-07-30 0:00:00,3.4
2024-07-30 4:00:00,5.0
2024-07-30 8:00:00,21.3
2024-07-30 12:00:00,47.4
2024-07-30 16:00:00,16.5
2024-07-30 20:00:00,0.7
2024-07-31 0:00:00,3.0
2024-07-31 4:00:00,1.7
2024-07-31 8:00:00,16.0
2024-07-31 12:00:00,45.1
2024-07-31 16:00:00,13.0
2024-07-31 20:00:00,1.3
2024-08-01 0:00:00,3.9
2024-08-01 4:00:00,0.8
2024-08-01 8:00:00,15.5
2024-08-01 12:00:00,39.4
2024-08-01 16:00:00,11.2
2024-08-01 20:00:00,1.0
2024-08-02 0:00:00,2.1
2024-08-02 4:00:00,2.7
2024-08-02 8:00:00,16.7
2024-08-02 12:00:00,52.4
2024-08-02 16:00:00,14.9
2024-08-02 20:00:00,2.5
2024-08-03 0:00:00,3.0
2024-08-03 4:00:00,2.0
2024-08-03 8:00:00,26.2
2024-08-03 12:00:00,66.2
2024-08-03 16:00:00,17.1
2024-08-03 20:00:00,1.0
2024-08-04 0:00:00,2.9
2024-08-04 4:00:00,3.7
2024-08-04 8:00:00,50.1
2024-08-04 12:00:00,86.4
2024-08-04 16:00:00,29.2
2024-08-04 20:00:00,1.2
2024-08-05 0:00:00,0.6
2024-08-05 4:00:00,5.4
2024-08-05 8:00:00,30.5
2024-08-05 12:00:00,58.7
2024-08-05 16:00:00,16.4
2024-08-05 20:00:00,0.2
2024-08-06 0:00:00,2.3
2024-08-06 4:00:00,5.2
2024-08-06 8:00:00,47.0
2024-08-06 12:00:00,87.5
2024-08-06 16:00:00,20.4
2024-08-06 20:00:00,0.5
2024-08-07 0:00:00,2.2
2024-08-07 4:00:00,1.8
2024-08-07 8:00:00,31.8
2024-08-07 12:00:00,54.1
2024-08-07 16:00:00,13.5
2024-08-07 20:00:00,0.9
2024-08-08 0:00:00,2.8
2024-08-08 4:00:00,2.3
2024-08-08 8:00:00,29.7
2024-08-08 12:00:00,52.0
2024-08-08 16:00:00,12.6
2024-08-08 20:00:00,1.1
2024-08-09 0:00:00,2.8
2024-08-09 4:00:00,2.2
2024-08-09 8:00:00,39.6
2024-08-09 12:00:00,57.4
2024-08-09 16:00:00,21.1
2024-08-09 20:00:00,0.9
2024-08-10 0:00:00,2.1
2024-08-10 4:00:00,7.1
2024-08-10 8:00:00,31.3
2024-08-10 12:00:00,77.9
2024-08-10 16:00:00,30.8
2024-08-10 20:00:00,0.1
2024-08-11 0:00:00,3.2
2024-08-11 4:00:00,8.3
2024-08-11 8:00:00,28.9
2024-08-11 12:00:00,85.1
2024-08-11 16:00:00,33.5
2024-08-11 20:00:00,0.4
2024-08-12 0:00:00,2.7
2024-08-12 4:00:00,7.2
2024-08-12 8:00:00,8.5
2024-08-12 12:00:00,59.9
2024-08-12 16:00:00,22.2
2024-08-12 20:00:00,0.5
2024-08-13 0:00:00,3.3
2024-08-13 4:00:00,10.7
2024-08-13 8:00:00,41.7
2024-08-13 12:00:00,67.2
2024-08-13 16:00:00,19.6
2024-08-13 20:00:00,1.2
2024-08-14 0:00:00,4.5
2024-08-14 4:00:00,12.0
2024-08-14 8:00:00,26.0
2024-08-14 12:00:00,58.8
2024-08-14 16:00:00,15.5
2024-08-14 20:00:00,4.2
2024-08-15 0:00:00,2.9
2024-08-15 4:00:00,3.9
2024-08-15 8:00:00,24.5
2024-08-15 12:00:00,55.3
2024-08-15 16:00:00,15.3
2024-08-15 20:00:00,2.3
2024-08-16 0:00:00,3.6
2024-08-16 4:00:00,2.0
2024-08-16 8:00:00,25.3
2024-08-16 12:00:00,53.9
2024-08-16 16:00:00,15.6
2024-08-16 20:00:00,0.9
2024-08-17 0:00:00,4.3
2024-08-17 4:00:00,3.6
2024-08-17 8:00:00,30.4
2024-08-17 12:00:00,49.1
2024-08-17 16:00:00,17.2
2024-08-17 20:00:00,1.2
2024-08-18 0:00:00,3.0
2024-08-18 4:00:00,4.6
2024-08-18 8:00:00,27.4
2024-08-18 12:00:00,58.8
2024-08-18 16:00:00,16.3
2024-08-18 20:00:00,2.2
2024-08-19 0:00:00,3.5
2024-08-19 4:00:00,6.1
2024-08-19 8:00:00,21.1
2024-08-19 12:00:00,52.1
2024-08-19 16:00:00,13.2
2024-08-19 20:00:00,4.4
2024-08-20 0:00:00,2.9
2024-08-20 4:00:00,5.4
2024-08-20 8:00:00,170.5
2024-08-20 12:00:00,66.7
2024-08-20 16:00:00,15.8
2024-08-20 20:00:00,3.6
2024-08-21 0:00:00,3.4
2024-08-21 4:00:00,10.4
2024-08-21 8:00:00,54.8
2024-08-21 12:00:00,85.7
2024-08-21 16:00:00,26.8
2024-08-21 20:00:00,2.0
2024-08-22 0:00:00,4.7
2024-08-22 4:00:00,4.2
2024-08-22 8:00:00,35.0
2024-08-22 12:00:00,83.3
2024-08-22 16:00:00,27.7
2024-08-22 20:00:00,3.5
2024-08-23 0:00:00,4.9
2024-08-23 4:00:00,4.2
2024-08-23 8:00:00,42.0
2024-08-23 12:00:00,83.6
2024-08-23 16:00:00,26.5
2024-08-23 20:00:00,2.9
2024-08-24 0:00:00,4.7
2024-08-24 4:00:00,3.9
2024-08-24 8:00:00,38.0
2024-08-24 12:00:00,82.6
2024-08-24 16:00:00,34.5
2024-08-24 20:00:00,1.8
2024-08-25 0:00:00,4.2
2024-08-25 4:00:00,6.5
2024-08-25 8:00:00,39.1
2024-08-25 12:00:00,82.3
2024-08-25 16:00:00,24.9
2024-08-25 20:00:00,2.0
2024-08-26 0:00:00,5.6
2024-08-26 4:00:00,9.3
2024-08-26 8:00:00,30.2
2024-08-26 12:00:00,58.4
2024-08-26 16:00:00,12.8
2024-08-26 20:00:00,2.5
2024-08-27 0:00:00,4.2
2024-08-27 4:00:00,6.1
2024-08-27 8:00:00,31.1
2024-08-27 12:00:00,55.1
2024-08-27 16:00:00,15.2
2024-08-27 20:00:00,1.8
2024-08-28 0:00:00,4.2
2024-08-28 4:00:00,5.0
2024-08-28 8:00:00,13.5
2024-08-28 12:00:00,56.0
2024-08-28 16:00:00,21.2
2024-08-28 20:00:00,-0.1
2024-08-29 0:00:00,2.9
2024-08-29 4:00:00,3.6
2024-08-29 8:00:00,25.5
2024-08-29 12:00:00,59.1
2024-08-29 16:00:00,15.7
2024-08-29 20:00:00,0.7
2024-08-30 0:00:00,3.5
2024-08-30 4:00:00,3.1
2024-08-30 8:00:00,19.5
2024-08-30 12:00:00,41.6
2024-08-30 16:00:00,12.6
2024-08-30 20:00:00,1.5
2024-08-31 0:00:00,4.2
2024-08-31 4:00:00,4.2
2024-08-31 8:00:00,15.3
2024-08-31 12:00:00,66.8
2024-08-31 16:00:00,19.9
2024-08-31 20:00:00,1.5
2024-09-01 0:00:00,3.8
2024-09-01 4:00:00,5.5
2024-09-01 8:00:00,29.5
2024-09-01 12:00:00,82.8
2024-09-01 16:00:00,28.0
2024-09-01 20:00:00,3.0
2024-09-02 0:00:00,3.0
2024-09-02 4:00:00,2.7
2024-09-02 8:00:00,21.6
2024-09-02 12:00:00,55.1
2024-09-02 16:00:00,21.4
2024-09-02 20:00:00,-1.3
2024-09-03 0:00:00,2.6
2024-09-03 4:00:00,3.5
2024-09-03 8:00:00,33.7
2024-09-03 12:00:00,43.0
2024-09-03 16:00:00,15.3
2024-09-03 20:00:00,1.5
2024-09-04 0:00:00,5.4
2024-09-04 4:00:00,8.9
2024-09-04 8:00:00,20.6
2024-09-04 12:00:00,34.7
2024-09-04 16:00:00,10.5
2024-09-04 20:00:00,1.6
2024-09-05 0:00:00,7.1
2024-09-05 4:00:00,4.0
2024-09-05 8:00:00,18.4
2024-09-05 12:00:00,76.5
2024-09-05 16:00:00,17.7
2024-09-05 20:00:00,2.1
2024-09-06 0:00:00,9.9
2024-09-06 4:00:00,9.7
2024-09-06 8:00:00,14.5
2024-09-06 12:00:00,56.3
2024-09-06 16:00:00,19.0
2024-09-06 20:00:00,2.4
2024-09-07 0:00:00,12.5
2024-09-07 4:00:00,9.9
2024-09-07 8:00:00,21.0
2024-09-07 12:00:00,63.4
2024-09-07 16:00:00,17.3
2024-09-07 20:00:00,1.4
2024-09-08 0:00:00,8.6
2024-09-08 4:00:00,7.4
2024-09-08 8:00:00,32.1
2024-09-08 12:00:00,81.0
2024-09-08 16:00:00,17.6
2024-09-08 20:00:00,1.0
2024-09-09 0:00:00,6.0
2024-09-09 4:00:00,6.7
2024-09-09 8:00:00,13.3
2024-09-09 12:00:00,40.3
2024-09-09 16:00:00,13.0
2024-09-09 20:00:00,2.8
2024-09-10 0:00:00,14.2
2024-09-10 4:00:00,15.6
2024-09-10 8:00:00,18.8
2024-09-10 12:00:00,67.6
2024-09-10 16:00:00,18.9
2024-09-10 20:00:00,3.8
2024-09-11 0:00:00,19.1
2024-09-11 4:00:00,15.9
2024-09-11 8:00:00,20.5
2024-09-11 12:00:00,43.3
2024-09-11 16:00:00,18.8
2024-09-11 20:00:00,4.9
2024-09-12 0:00:00,16.0
2024-09-12 4:00:00,7.9
2024-09-12 8:00:00,22.2
2024-09-12 12:00:00,38.3
2024-09-12 16:00:00,13.6
2024-09-12 20:00:00,4.3
2024-09-13 0:00:00,10.4
2024-09-13 4:00:00,3.4
2024-09-13 8:00:00,16.2
2024-09-13 12:00:00,43.6
2024-09-13 16:00:00,16.2
2024-09-13 20:00:00,1.1
2024-09-14 0:00:00,10.5
2024-09-14 4:00:00,6.0
2024-09-14 8:00:00,18.0
2024-09-14 12:00:00,57.5
2024-09-14 16:00:00,17.1
2024-09-14 20:00:00,3.6
2024-09-15 0:00:00,10.3
2024-09-15 4:00:00,5.6
2024-09-15 8:00:00,32.9
2024-09-15 12:00:00,82.7
2024-09-15 16:00:00,18.6
2024-09-15 20:00:00,5.0
2024-09-16 0:00:00,9.8
2024-09-16 4:00:00,8.1
2024-09-16 8:00:00,26.0
2024-09-16 12:00:00,41.9
2024-09-16 16:00:00,12.1
2024-09-16 20:00:00,3.5
2024-09-17 0:00:00,12.1
2024-09-17 4:00:00,8.3
2024-09-17 8:00:00,51.0
2024-09-17 12:00:00,101.4
2024-09-17 16:00:00,21.7
2024-09-17 20:00:00,5.8
2024-09-18 0:00:00,12.3
2024-09-18 4:00:00,8.4
2024-09-18 8:00:00,26.2
2024-09-18 12:00:00,73.6
2024-09-18 16:00:00,17.3
2024-09-18 20:00:00,4.9
2024-09-19 0:00:00,11.2
2024-09-19 4:00:00,4.0
2024-09-19 8:00:00,24.8
2024-09-19 12:00:00,73.0
2024-09-19 16:00:00,20.1
2024-09-19 20:00:00,10.2
2024-09-20 0:00:00,11.2
2024-09-20 4:00:00,4.9
2024-09-20 8:00:00,21.9
2024-09-20 12:00:00,76.6
2024-09-20 16:00:00,19.6
2024-09-20 20:00:00,8.0
2024-09-21 0:00:00,9.3
2024-09-21 4:00:00,4.5
2024-09-21 8:00:00,23.1
2024-09-21 12:00:00,81.9
2024-09-21 16:00:00,22.3
2024-09-21 20:00:00,7.6
2024-09-22 0:00:00,9.8
2024-09-22 4:00:00,7.2
2024-09-22 8:00:00,28.6
2024-09-22 12:00:00,85.1
2024-09-22 16:00:00,18.5
2024-09-22 20:00:00,6.3
2024-09-23 0:00:00,6.4
2024-09-23 4:00:00,5.8
2024-09-23 8:00:00,20.7
2024-09-23 12:00:00,46.5
2024-09-23 16:00:00,10.6
2024-09-23 20:00:00,4.2
2024-09-24 0:00:00,8.6
2024-09-24 4:00:00,6.3
2024-09-24 8:00:00,18.1
2024-09-24 12:00:00,39.5
2024-09-24 16:00:00,9.5
2024-09-24 20:00:00,4.8
2024-09-25 0:00:00,11.3
2024-09-25 4:00:00,11.9
2024-09-25 8:00:00,19.6
2024-09-25 12:00:00,38.5
2024-09-25 16:00:00,12.3
2024-09-25 20:00:00,3.9
2024-09-26 0:00:00,9.6
2024-09-26 4:00:00,8.7
2024-09-26 8:00:00,15.5
2024-09-26 12:00:00,26.5
2024-09-26 16:00:00,7.8
2024-09-26 20:00:00,4.4
2024-09-27 0:00:00,10.5
2024-09-27 4:00:00,15.6
2024-09-27 8:00:00,21.1
2024-09-27 12:00:00,69.6
2024-09-27 16:00:00,10.8
2024-09-27 20:00:00,2.4
2024-09-28 0:00:00,11.3
2024-09-28 4:00:00,13.7
2024-09-28 8:00:00,35.4
2024-09-28 12:00:00,61.3
2024-09-28 16:00:00,17.0
2024-09-28 20:00:00,2.6
2024-09-29 0:00:00,9.7
2024-09-29 4:00:00,12.5
2024-09-29 8:00:00,34.2
2024-09-29 12:00:00,63.6
2024-09-29 16:00:00,14.0
2024-09-29 20:00:00,4.6
2024-09-30 0:00:00,13.0
2024-09-30 4:00:00,17.0
2024-09-30 8:00:00,27.4
2024-09-30 12:00:00,54.7
2024-09-30 16:00:00,9.5
2024-09-30 20:00:00,4.3
2024-10-01 0:00:00,20.4
2024-10-01 4:00:00,16.3
2024-10-01 8:00:00,18.0
2024-10-01 12:00:00,35.9
2024-10-01 16:00:00,10.5
2024-10-01 20:00:00,6.5
2024-10-02 0:00:00,13.4
2024-10-02 4:00:00,10.3
2024-10-02 8:00:00,12.3
2024-10-02 12:00:00,26.5
2024-10-02 16:00:00,7.1
2024-10-02 20:00:00,3.5
2024-10-03 0:00:00,10.1
2024-10-03 4:00:00,6.6
2024-10-03 8:00:00,10.9
2024-10-03 12:00:00,29.7
2024-10-03 16:00:00,7.2
2024-10-03 20:00:00,4.7
2024-10-04 0:00:00,9.3
2024-10-04 4:00:00,8.0
2024-10-04 8:00:00,12.1
2024-10-04 12:00:00,24.6
2024-10-04 16:00:00,6.3
2024-10-04 20:00:00,3.2
2024-10-05 0:00:00,7.5
2024-10-05 4:00:00,5.5
2024-10-05 8:00:00,9.5
2024-10-05 12:00:00,28.0
2024-10-05 16:00:00,6.2
2024-10-05 20:00:00,2.9
2024-10-06 0:00:00,8.4
2024-10-06 4:00:00,5.6
2024-10-06 8:00:00,13.1
2024-10-06 12:00:00,57.4
2024-10-06 16:00:00,11.6
2024-10-06 20:00:00,3.8
2024-10-07 0:00:00,11.2
2024-10-07 4:00:00,6.1
2024-10-07 8:00:00,14.8
2024-10-07 12:00:00,27.3
2024-10-07 16:00:00,6.4
2024-10-07 20:00:00,3.6
2024-10-08 0:00:00,10.1
2024-10-08 4:00:00,15.1
2024-10-08 8:00:00,11.3
2024-10-08 12:00:00,28.1
2024-10-08 16:00:00,7.8
2024-10-08 20:00:00,4.9
2024-10-09 0:00:00,8.7
2024-10-09 4:00:00,10.3
2024-10-09 8:00:00,9.5
2024-10-09 12:00:00,22.4
2024-10-09 16:00:00,5.1
2024-10-09 20:00:00,4.8
2024-10-10 0:00:00,7.6
2024-10-10 4:00:00,9.3
2024-10-10 8:00:00,7.9
2024-10-10 12:00:00,49.5
2024-10-10 16:00:00,0.1
2024-10-10 20:00:00,3.4
2024-10-11 0:00:00,7.8
2024-10-11 4:00:00,14.9
2024-10-11 8:00:00,22.1
2024-10-11 12:00:00,37.4
2024-10-11 16:00:00,7.5
2024-10-11 20:00:00,2.0
2024-10-12 0:00:00,6.6
2024-10-12 4:00:00,6.2
2024-10-12 8:00:00,16.7
2024-10-12 12:00:00,47.3
2024-10-12 16:00:00,7.0
2024-10-12 20:00:00,2.1
2024-10-13 0:00:00,13.8
2024-10-13 4:00:00,18.3
2024-10-13 8:00:00,16.2
2024-10-13 12:00:00,58.1
2024-10-13 16:00:00,17.6
2024-10-13 20:00:00,6.5
2024-10-14 0:00:00,16.4
2024-10-14 4:00:00,15.4
2024-10-14 8:00:00,12.5
2024-10-14 12:00:00,41.6
2024-10-14 16:00:00,14.0
2024-10-14 20:00:00,5.6
2024-10-15 0:00:00,15.7
2024-10-15 4:00:00,19.3
2024-10-15 8:00:00,27.2
2024-10-15 12:00:00,44.8
2024-10-15 16:00:00,11.5
2024-10-15 20:00:00,10.6
2024-10-16 0:00:00,17.8
2024-10-16 4:00:00,15.8
2024-10-16 8:00:00,26.1
2024-10-16 12:00:00,54.5
2024-10-16 16:00:00,14.1
2024-10-16 20:00:00,13.3
2024-10-17 0:00:00,30.6
2024-10-17 4:00:00,27.1
2024-10-17 8:00:00,25.0
2024-10-17 12:00:00,39.0
2024-10-17 16:00:00,12.8
2024-10-17 20:00:00,18.0
2024-10-18 0:00:00,22.3
2024-10-18 4:00:00,12.8
2024-10-18 8:00:00,22.0
2024-10-18 12:00:00,29.9
2024-10-18 16:00:00,11.1
2024-10-18 20:00:00,9.1
2024-10-19 0:00:00,14.0
2024-10-19 4:00:00,9.6
2024-10-19 8:00:00,15.2
2024-10-19 12:00:00,32.2
2024-10-19 16:00:00,8.4
2024-10-19 20:00:00,5.6
2024-10-20 0:00:00,12.3
2024-10-20 4:00:00,9.0
2024-10-20 8:00:00,16.8
2024-10-20 12:00:00,52.6
2024-10-20 16:00:00,13.2
2024-10-20 20:00:00,9.4
2024-10-21 0:00:00,13.8
2024-10-21 4:00:00,10.1
2024-10-21 8:00:00,13.8
2024-10-21 12:00:00,29.4
2024-10-21 16:00:00,7.1
2024-10-21 20:00:00,13.1
2024-10-22 0:00:00,17.5
2024-10-22 4:00:00,11.8
2024-10-22 8:00:00,11.1
2024-10-22 12:00:00,22.9
2024-10-22 16:00:00,4.8
2024-10-22 20:00:00,8.3
2024-10-23 0:00:00,13.0
2024-10-23 4:00:00,6.8
2024-10-23 8:00:00,7.7
2024-10-23 12:00:00,21.4
2024-10-23 16:00:00,6.0
2024-10-23 20:00:00,6.5
2024-10-24 0:00:00,10.0
2024-10-24 4:00:00,8.4
2024-10-24 8:00:00,7.3
2024-10-24 12:00:00,11.7
2024-10-24 16:00:00,3.5
2024-10-24 20:00:00,3.9
2024-10-25 0:00:00,9.4
2024-10-25 4:00:00,8.2
2024-10-25 8:00:00,9.4
2024-10-25 12:00:00,15.4
2024-10-25 16:00:00,4.9
2024-10-25 20:00:00,4.1
2024-10-26 0:00:00,10.4
2024-10-26 4:00:00,3.8
2024-10-26 8:00:00,5.8
2024-10-26 12:00:00,16.5
2024-10-26 16:00:00,7.9
2024-10-26 20:00:00,4.2
2024-10-27 0:00:00,9.4
2024-10-27 4:00:00,4.0
2024-10-27 8:00:00,9.0
2024-10-27 12:00:00,27.5
2024-10-27 16:00:00,4.9
2024-10-27 20:00:00,4.4
2024-10-28 0:00:00,7.0
2024-10-28 4:00:00,4.1
2024-10-28 8:00:00,8.3
2024-10-28 12:00:00,13.9
2024-10-28 16:00:00,2.7
2024-10-28 20:00:00,2.4
2024-10-29 0:00:00,4.5
2024-10-29 4:00:00,5.1
2024-10-29 8:00:00,6.6
2024-10-29 12:00:00,15.0
2024-10-29 16:00:00,3.7
2024-10-29 20:00:00,3.3
2024-10-30 0:00:00,6.4
2024-10-30 4:00:00,3.1
2024-10-30 8:00:00,4.9
2024-10-30 12:00:00,8.1
2024-10-30 16:00:00,1.1
2024-10-30 20:00:00,2.3
2024-10-31 0:00:00,4.9
2024-10-31 4:00:00,2.8
2024-10-31 8:00:00,4.2
2024-10-31 12:00:00,10.9
2024-10-31 16:00:00,2.0
2024-10-31 20:00:00,2.4
2024-11-01 0:00:00,6.0
2024-11-01 4:00:00,2.3
2024-11-01 8:00:00,8.6
2024-11-01 12:00:00,14.6
2024-11-01 16:00:00,4.4
2024-11-01 20:00:00,3.8
2024-11-02 0:00:00,8.9
2024-11-02 4:00:00,7.8
2024-11-02 8:00:00,11.0
2024-11-02 12:00:00,19.4
2024-11-02 16:00:00,3.5
2024-11-02 20:00:00,3.3
2024-11-03 0:00:00,8.7
2024-11-03 4:00:00,9.4
2024-11-03 8:00:00,11.2
2024-11-03 12:00:00,31.1
2024-11-03 16:00:00,4.5
2024-11-03 20:00:00,3.4
2024-11-04 0:00:00,3.9
2024-11-04 4:00:00,5.8
2024-11-04 8:00:00,7.8
2024-11-04 12:00:00,18.6
2024-11-04 16:00:00,1.0
2024-11-04 20:00:00,1.0
2024-11-05 0:00:00,5.5
2024-11-05 4:00:00,5.2
2024-11-05 8:00:00,14.1
2024-11-05 12:00:00,15.7
2024-11-05 16:00:00,2.5
2024-11-05 20:00:00,1.5
2024-11-06 0:00:00,4.1
2024-11-06 4:00:00,1.2
2024-11-06 8:00:00,6.9
2024-11-06 12:00:00,14.4
2024-11-06 16:00:00,1.6
2024-11-06 20:00:00,1.8
2024-11-07 0:00:00,2.8
2024-11-07 4:00:00,3.2
2024-11-07 8:00:00,3.0
2024-11-07 12:00:00,11.2
2024-11-07 16:00:00,1.1
2024-11-07 20:00:00,1.5
2024-11-08 0:00:00,3.6
2024-11-08 4:00:00,2.8
2024-11-08 8:00:00,3.3
2024-11-08 12:00:00,9.6
2024-11-08 16:00:00,0.6
2024-11-08 20:00:00,1.8
2024-11-09 0:00:00,2.4
2024-11-09 4:00:00,1.9
2024-11-09 8:00:00,5.5
2024-11-09 12:00:00,10.6
2024-11-09 16:00:00,-0.1
2024-11-09 20:00:00,2.0
2024-11-10 0:00:00,3.2
2024-11-10 4:00:00,2.3
2024-11-10 8:00:00,3.8
2024-11-10 12:00:00,8.2
2024-11-10 16:00:00,1.2
2024-11-10 20:00:00,2.8
2024-11-11 0:00:00,4.2
2024-11-11 4:00:00,3.6
2024-11-11 8:00:00,2.6
2024-11-11 12:00:00,7.4
2024-11-11 16:00:00,0.5
2024-11-11 20:00:00,0.6
2024-11-12 0:00:00,7.0
2024-11-12 4:00:00,2.9
2024-11-12 8:00:00,2.1
2024-11-12 12:00:00,5.4
2024-11-12 16:00:00,4.2
2024-11-12 20:00:00,1.9
2024-11-13 0:00:00,7.9
2024-11-13 4:00:00,2.8
2024-11-13 8:00:00,2.8
2024-11-13 12:00:00,2.2
2024-11-13 16:00:00,0.8
2024-11-13 20:00:00,2.4
2024-11-14 0:00:00,5.6
2024-11-14 4:00:00,3.8
2024-11-14 8:00:00,2.2
2024-11-14 12:00:00,3.3
2024-11-14 16:00:00,0.1
2024-11-14 20:00:00,2.1
2024-11-15 0:00:00,5.6
2024-11-15 4:00:00,5.9
2024-11-15 8:00:00,2.8
2024-11-15 12:00:00,1.6
2024-11-15 16:00:00,0.8
2024-11-15 20:00:00,2.8
2024-11-16 0:00:00,5.4
2024-11-16 4:00:00,4.2
2024-11-16 8:00:00,5.0
2024-11-16 12:00:00,5.0
2024-11-16 16:00:00,1.0
2024-11-16 20:00:00,2.5
2024-11-17 0:00:00,10.3
2024-11-17 4:00:00,21.4
2024-11-17 8:00:00,13.7
2024-11-17 12:00:00,14.6
2024-11-17 16:00:00,5.9
2024-11-17 20:00:00,5.5
2024-11-18 0:00:00,22.0
2024-11-18 4:00:00,19.6
2024-11-18 8:00:00,10.6
2024-11-18 12:00:00,10.9
2024-11-18 16:00:00,1.7
2024-11-18 20:00:00,4.3
2024-11-19 0:00:00,15.1
2024-11-19 4:00:00,11.4
2024-11-19 8:00:00,5.7
2024-11-19 12:00:00,6.2
2024-11-19 16:00:00,0.5
2024-11-19 20:00:00,2.9
2024-11-20 0:00:00,10.6
2024-11-20 4:00:00,12.1
2024-11-20 8:00:00,2.8
2024-11-20 12:00:00,7.8
2024-11-20 16:00:00,2.6
2024-11-20 20:00:00,3.1
2024-11-21 0:00:00,8.7
2024-11-21 4:00:00,6.6
2024-11-21 8:00:00,3.9
2024-11-21 12:00:00,6.5
2024-11-21 16:00:00,1.1
2024-11-21 20:00:00,2.2
2024-11-22 0:00:00,5.3
2024-11-22 4:00:00,6.1
2024-11-22 8:00:00,3.5
2024-11-22 12:00:00,4.8
2024-11-22 16:00:00,1.1
2024-11-22 20:00:00,2.3
2024-11-23 0:00:00,6.8
2024-11-23 4:00:00,5.2
2024-11-23 8:00:00,4.4
2024-11-23 12:00:00,4.9
2024-11-23 16:00:00,1.1
2024-11-23 20:00:00,4.0
2024-11-24 0:00:00,19.7
2024-11-24 4:00:00,14.3
2024-11-24 8:00:00,10.5
2024-11-24 12:00:00,17.1
2024-11-24 16:00:00,7.5
2024-11-24 20:00:00,18.7
2024-11-25 0:00:00,22.0
2024-11-25 4:00:00,19.8
2024-11-25 8:00:00,14.1
2024-11-25 12:00:00,16.4
2024-11-25 16:00:00,9.5
2024-11-25 20:00:00,14.0
2024-11-26 0:00:00,22.4
2024-11-26 4:00:00,15.1
2024-11-26 8:00:00,8.5
2024-11-26 12:00:00,8.2
2024-11-26 16:00:00,3.9
2024-11-26 20:00:00,8.4
2024-11-27 0:00:00,16.1
2024-11-27 4:00:00,9.7
2024-11-27 8:00:00,6.8
2024-11-27 12:00:00,6.1
2024-11-27 16:00:00,2.9
2024-11-27 20:00:00,7.0
2024-11-28 0:00:00,43.3
2024-11-28 4:00:00,18.0
2024-11-28 8:00:00,5.4
2024-11-28 12:00:00,5.2
2024-11-28 16:00:00,1.7
2024-11-28 20:00:00,8.5
2024-11-29 0:00:00,19.1
2024-11-29 4:00:00,16.1
2024-11-29 8:00:00,4.8
2024-11-29 12:00:00,4.9
2024-11-29 16:00:00,2.2
2024-11-29 20:00:00,5.5
2024-11-30 0:00:00,9.2
2024-11-30 4:00:00,7.8
2024-11-30 8:00:00,8.4
2024-11-30 12:00:00,7.9
2024-11-30 16:00:00,1.7
2024-11-30 20:00:00,3.9
2024-12-01 0:00:00,10.5
2024-12-01 4:00:00,7.8
2024-12-01 8:00:00,5.4
2024-12-01 12:00:00,8.1
2024-12-01 16:00:00,2.6
2024-12-01 20:00:00,4.4
2024-12-02 0:00:00,15.6
2024-12-02 4:00:00,17.4
2024-12-02 8:00:00,1.0
2024-12-02 12:00:00,2.9
2024-12-02 16:00:00,2.1
2024-12-02 20:00:00,2.7
2024-12-03 0:00:00,13.9
2024-12-03 4:00:00,16.0
2024-12-03 8:00:00,0.9
2024-12-03 12:00:00,2.7
2024-12-03 16:00:00,0.6
2024-12-03 20:00:00,3.5
2024-12-04 0:00:00,10.1
2024-12-04 4:00:00,7.1
2024-12-04 8:00:00,0.8
2024-12-04 12:00:00,2.6
2024-12-04 16:00:00,0.0
2024-12-04 20:00:00,3.3
2024-12-05 0:00:00,8.2
2024-12-05 4:00:00,15.9
2024-12-05 8:00:00,3.8
2024-12-05 12:00:00,2.7
2024-12-05 16:00:00,0.7
2024-12-05 20:00:00,3.9
2024-12-06 0:00:00,32.4
2024-12-06 4:00:00,21.3
2024-12-06 8:00:00,3.4
2024-12-06 12:00:00,2.7
2024-12-06 16:00:00,1.8
2024-12-06 20:00:00,6.9
2024-12-07 0:00:00,17.1
2024-12-07 4:00:00,13.3
2024-12-07 8:00:00,5.4
2024-12-07 12:00:00,3.1
2024-12-07 16:00:00,1.9
2024-12-07 20:00:00,4.4
2024-12-08 0:00:00,16.1
2024-12-08 4:00:00,15.5
2024-12-08 8:00:00,8.3
2024-12-08 12:00:00,8.0
2024-12-08 16:00:00,3.4
2024-12-08 20:00:00,5.8
2024-12-09 0:00:00,22.0
2024-12-09 4:00:00,20.5
2024-12-09 8:00:00,4.7
2024-12-09 12:00:00,5.2
2024-12-09 16:00:00,1.7
2024-12-09 20:00:00,4.0
2024-12-10 0:00:00,13.4
2024-12-10 4:00:00,18.9
2024-12-10 8:00:00,6.1
2024-12-10 12:00:00,2.0
2024-12-10 16:00:00,3.2
2024-12-10 20:00:00,2.2
2024-12-11 0:00:00,9.4
2024-12-11 4:00:00,15.7
2024-12-11 8:00:00,2.6
2024-12-11 12:00:00,2.3
2024-12-11 16:00:00,1.6
2024-12-11 20:00:00,3.3
2024-12-12 0:00:00,13.7
2024-12-12 4:00:00,14.3
2024-12-12 8:00:00,1.0
2024-12-12 12:00:00,1.4
2024-12-12 16:00:00,1.4
2024-12-12 20:00:00,5.2
2024-12-13 0:00:00,7.6
2024-12-13 4:00:00,14.0
2024-12-13 8:00:00,1.0
2024-12-13 12:00:00,1.6
2024-12-13 16:00:00,0.0
2024-12-13 20:00:00,3.3
2024-12-14 0:00:00,9.1
2024-12-14 4:00:00,10.4
2024-12-14 8:00:00,2.1
2024-12-14 12:00:00,3.0
2024-12-14 16:00:00,2.1
2024-12-14 20:00:00,5.1
2024-12-15 0:00:00,15.7
2024-12-15 4:00:00,15.7
2024-12-15 8:00:00,5.1
2024-12-15 12:00:00,4.0
2024-12-15 16:00:00,2.4
2024-12-15 20:00:00,11.0
2024-12-16 0:00:00,28.7
2024-12-16 4:00:00,15.0
2024-12-16 8:00:00,4.3
2024-12-16 12:00:00,2.1
2024-12-16 16:00:00,2.2
2024-12-16 20:00:00,10.0
2024-12-17 0:00:00,36.0
2024-12-17 4:00:00,22.7
2024-12-17 8:00:00,2.5
2024-12-17 12:00:00,3.4
2024-12-17 16:00:00,2.3
2024-12-17 20:00:00,5.8
2024-12-18 0:00:00,21.8
2024-12-18 4:00:00,14.5
2024-12-18 8:00:00,2.2
2024-12-18 12:00:00,3.1
2024-12-18 16:00:00,1.8
2024-12-18 20:00:00,8.0
2024-12-19 0:00:00,27.5
2024-12-19 4:00:00,24.8
2024-12-19 8:00:00,3.4
2024-12-19 12:00:00,4.1
2024-12-19 16:00:00,3.4
2024-12-19 20:00:00,8.8
2024-12-20 0:00:00,40.1
2024-12-20 4:00:00,29.1
2024-12-20 8:00:00,4.0
2024-12-20 12:00:00,4.7
2024-12-20 16:00:00,3.2
2024-12-20 20:00:00,6.1
2024-12-21 0:00:00,31.5
2024-12-21 4:00:00,20.9
2024-12-21 8:00:00,4.9
2024-12-21 12:00:00,3.7
2024-12-21 16:00:00,1.9
2024-12-21 20:00:00,9.3
2024-12-22 0:00:00,32.6
2024-12-22 4:00:00,26.4
2024-12-22 8:00:00,5.7
2024-12-22 12:00:00,8.2
2024-12-22 16:00:00,2.9
2024-12-22 20:00:00,9.7
2024-12-23 0:00:00,32.3
2024-12-23 4:00:00,24.5
2024-12-23 8:00:00,8.3
2024-12-23 12:00:00,4.3
2024-12-23 16:00:00,2.6
2024-12-23 20:00:00,7.3
2024-12-24 0:00:00,25.1
2024-12-24 4:00:00,18.2
2024-12-24 8:00:00,6.3
2024-12-24 12:00:00,3.7
2024-12-24 16:00:00,2.1
2024-12-24 20:00:00,5.2
2024-12-25 0:00:00,15.6
2024-12-25 4:00:00,18.8
2024-12-25 8:00:00,2.6
2024-12-25 12:00:00,3.3
2024-12-25 16:00:00,2.7
2024-12-25 20:00:00,4.4
2024-12-26 0:00:00,10.8
2024-12-26 4:00:00,12.8
2024-12-26 8:00:00,1.9
2024-12-26 12:00:00,2.8
2024-12-26 16:00:00,0.1
2024-12-26 20:00:00,2.2
2024-12-27 0:00:00,8.8
2024-12-27 4:00:00,13.7
2024-12-27 8:00:00,4.0
2024-12-27 12:00:00,3.6
2024-12-27 16:00:00,0.3
2024-12-27 20:00:00,5.0
2024-12-28 0:00:00,7.9
2024-12-28 4:00:00,12.6
2024-12-28 8:00:00,2.8
2024-12-28 12:00:00,2.4
2024-12-28 16:00:00,0.7
2024-12-28 20:00:00,2.1
2024-12-29 0:00:00,7.1
2024-12-29 4:00:00,12.5
2024-12-29 8:00:00,3.1
2024-12-29 12:00:00,3.3
2024-12-29 16:00:00,0.2
2024-12-29 20:00:00,3.2
2024-12-30 0:00:00,11.1
2024-12-30 4:00:00,20.4
2024-12-30 8:00:00,-0.5
2024-12-30 12:00:00,-0.6
2024-12-30 16:00:00,0.8
2024-12-30 20:00:00,4.2
2024-12-31 0:00:00,14.5
2024-12-31 4:00:00,27.2
2024-12-31 8:00:00,5.5
2024-12-31 12:00:00,2.6
2024-12-31 16:00:00,1.1